{
  "u": [
    0.05,
    0.05707070707070707,
    0.06414141414141414,
    0.07121212121212121,
    0.07828282828282829,
    0.08535353535353535,
    0.09242424242424242,
    0.0994949494949495,
    0.10656565656565656,
    0.11363636363636363,
    0.12070707070707071,
    0.12777777777777777,
    0.13484848484848483,
    0.14191919191919192,
    0.148989898989899,
    0.15606060606060607,
    0.16313131313131313,
    0.1702020202020202,
    0.17727272727272725,
    0.18434343434343436,
    0.19141414141414143,
    0.1984848484848485,
    0.20555555555555555,
    0.2126262626262626,
    0.21969696969696967,
    0.22676767676767678,
    0.23383838383838385,
    0.2409090909090909,
    0.24797979797979797,
    0.255050505050505,
    0.2621212121212121,
    0.2691919191919192,
    0.27626262626262627,
    0.2833333333333333,
    0.2904040404040404,
    0.29747474747474745,
    0.3045454545454545,
    0.31161616161616157,
    0.3186868686868687,
    0.32575757575757575,
    0.3328282828282828,
    0.33989898989898987,
    0.34696969696969693,
    0.354040404040404,
    0.3611111111111111,
    0.36818181818181817,
    0.3752525252525252,
    0.3823232323232323,
    0.38939393939393935,
    0.3964646464646464,
    0.4035353535353535,
    0.4106060606060606,
    0.41767676767676765,
    0.4247474747474747,
    0.43181818181818177,
    0.43888888888888883,
    0.44595959595959594,
    0.453030303030303,
    0.46010101010101007,
    0.4671717171717171,
    0.4742424242424242,
    0.48131313131313125,
    0.48838383838383836,
    0.4954545454545454,
    0.5025252525252525,
    0.5095959595959596,
    0.5166666666666666,
    0.5237373737373737,
    0.5308080808080808,
    0.5378787878787878,
    0.544949494949495,
    0.5520202020202021,
    0.5590909090909091,
    0.5661616161616162,
    0.5732323232323232,
    0.5803030303030303,
    0.5873737373737374,
    0.5944444444444444,
    0.6015151515151516,
    0.6085858585858586,
    0.6156565656565657,
    0.6227272727272727,
    0.6297979797979798,
    0.6368686868686869,
    0.6439393939393939,
    0.651010101010101,
    0.658080808080808,
    0.6651515151515152,
    0.6722222222222223,
    0.6792929292929293,
    0.6863636363636364,
    0.6934343434343434,
    0.7005050505050505,
    0.7075757575757575,
    0.7146464646464646,
    0.7217171717171718,
    0.7287878787878788,
    0.7358585858585859,
    0.7429292929292929,
    0.75
  ],
  "alpha": [
    0.75,
    0.7393939393939394,
    0.7287878787878788,
    0.7181818181818181,
    0.7075757575757575,
    0.696969696969697,
    0.6863636363636364,
    0.6757575757575758,
    0.6651515151515152,
    0.6545454545454545,
    0.6439393939393939,
    0.6333333333333333,
    0.6227272727272727,
    0.6121212121212121,
    0.6015151515151514,
    0.5939393939393939,
    0.5868686868686869,
    0.5797979797979798,
    0.5727272727272728,
    0.5656565656565656,
    0.5585858585858585,
    0.5515151515151515,
    0.5444444444444444,
    0.5373737373737374,
    0.5303030303030303,
    0.5232323232323232,
    0.5161616161616162,
    0.509090909090909,
    0.502020202020202,
    0.494949494949495,
    0.4878787878787879,
    0.4808080808080808,
    0.47373737373737373,
    0.4666666666666667,
    0.4595959595959596,
    0.45252525252525255,
    0.4454545454545455,
    0.43838383838383843,
    0.4313131313131313,
    0.42424242424242425,
    0.4171717171717172,
    0.41010101010101013,
    0.40303030303030307,
    0.395959595959596,
    0.3888888888888889,
    0.38181818181818183,
    0.3747474747474748,
    0.3676767676767677,
    0.36060606060606065,
    0.3535353535353536,
    0.3464646464646465,
    0.3393939393939394,
    0.33232323232323235,
    0.3252525252525253,
    0.31818181818181823,
    0.31111111111111117,
    0.30404040404040406,
    0.297979797979798,
    0.2932659932659933,
    0.28855218855218856,
    0.2838383838383839,
    0.27912457912457916,
    0.27441077441077444,
    0.2696969696969697,
    0.264983164983165,
    0.26026936026936026,
    0.2555555555555556,
    0.25084175084175087,
    0.2461279461279461,
    0.24141414141414144,
    0.2367003367003367,
    0.23198653198653196,
    0.2272727272727273,
    0.22255892255892254,
    0.21784511784511787,
    0.21313131313131312,
    0.2084175084175084,
    0.20370370370370372,
    0.19898989898989897,
    0.1942760942760943,
    0.18956228956228954,
    0.18484848484848487,
    0.18013468013468015,
    0.1754208754208754,
    0.17070707070707072,
    0.16599326599326597,
    0.1612794612794613,
    0.15656565656565657,
    0.15185185185185182,
    0.14713804713804715,
    0.1424242424242424,
    0.13771043771043773,
    0.132996632996633,
    0.12828282828282833,
    0.12356902356902358,
    0.11885521885521882,
    0.11414141414141415,
    0.10942760942760943,
    0.10471380471380476,
    0.1
  ]
}